odpc_11,c0dc6d05-fb26-4fbb-8515-7f38440061d9
odpc_12,2204d547-1156-44e8-b01a-349689a3cbaa
odpc_9,57e464b7-62da-4f2e-a1eb-2bf98e219e53
PHO_BRM,cd1afa10-7101-4b40-8c34-c3ed82ee39aa
PHO_CBI,79991649-7cb4-4c26-a609-f560b8f4ece4
PHO_CCO,575f1d99-f9fe-4501-a3c4-83a446851f39
PHO_CPM,aaed9b2a-2198-493d-b12a-aaa35b2ef135
PHO_CPN,c804ba98-bcc0-4152-abcd-f88ba6b04f8d
PHO_CTI,cedbe134-fd53-44a0-84dd-9ab47a75b031
PHO_KRI,66082c73-4b08-4c57-bd96-2de3528d3dc6
PHO_MDH,f863462b-96df-46ed-b462-3ca19ab57393
PHO_NMA,a88f29ad-661e-4164-ad16-fdb758a873a9
PHO_NRT,8db1f647-7517-4f1a-b7f5-ea59fcd73daa
PHO_NWT,d33c5e3e-468a-4267-a342-c96fb97d2a83
PHO_PKT,29db964a-865d-4434-ba26-5dc077f30e4c
PHO_PNA,8fcccc90-f142-4c89-8c86-0d2218349756
PHO_PRI,38c00477-9554-4871-adb0-72e1ceea051d
PHO_RNG,b1d75b03-bde5-4f0a-8cf5-0ddce2b85536
PHO_RYG,a4dce4c6-78f0-4c67-90cf-bbb44302fd35
PHO_SKA,dc530cbc-c93d-4cb5-b149-1c66f325e036
PHO_SKW,323fc244-c3e5-4da5-b6d8-d942ef6f7a98
PHO_SNI,1fd0743e-f861-4d95-9cc0-3e94fea31243
PHO_SRN,b0bc7bbf-2aa1-40b1-872f-d4a16f51c4dd
PHO_SSK,78f2a434-43e2-41d8-87ea-b807fc499d0d
PHO_STN,1ce6ba46-7cd0-4291-910b-fcfeef039fda
PHO_YLA,4fcbbfc0-71bd-470d-b84c-b8da6e9b7222
vbdc_10.2,b92f700a-3da5-4468-b85f-35394b08be7d
vbdc_11.1,d0360245-b417-4feb-be4b-2649ad26cf9d
vbdc_11.2,414e8f69-eaa0-4f29-916c-f1b43742427c
vbdc_11.3,71e986ac-f750-4032-af83-75ed396296ec
vbdc_11.4,ebf12dd8-ec2a-46b9-8c79-fbc955b1c180
vbdc_11.5,d191ad3e-d872-461c-9f56-e33329cf35aa
vbdc_12.1,3ec89f8a-9e27-40d3-8dac-6813e3070328
vbdc_12.2,77189ddf-dcd5-4072-ab08-7de49d1602b8
vbdc_12.3,0030ff0f-d3da-44d4-bafe-33ee68ea95df
vbdc_12.4,2164ab54-f3c0-414a-81d2-4059cd7a8c05
vbdc_6.1,e0776805-c7c1-45c6-b80f-4a3775481f28
vbdc_6.2,0e0f6799-d63c-4c2f-9970-84b117c791d1
vbdc_6.3,b30f8500-3e6f-4ceb-8923-6ff0e56b6af0
vbdc_6.5,df41d237-b76b-4d3d-b4ee-446112e66ce6
vbdc_9.1,9d86aad7-e0b6-43e9-baaf-98bc4d667a09
vbdc_9.2,30fc34c3-ab12-4bb9-92b4-5c124ddfa627
vbdc_9.3,c3b9c35d-dc6e-499f-8911-0c80c32b2a1a
vbdc_9.4,f6c58c7a-5058-4595-8fa3-de4d4b531719
vbdu_10.1.3,e77e0cff-0610-493d-b79b-6a80eee77785
vbdu_11.1.1,33036d27-d9c5-4a4c-87ee-74daea3acbbb
vbdu_11.1.2,69fb23b3-8278-4b52-b690-011888952328
vbdu_11.1.3,b5904f66-ed8d-4095-9ad6-0e19a21fad70
vbdu_11.1.4,875a2c15-2063-4d17-860b-5ead82de7b48
vbdu_11.1.5,65fd62eb-6735-4712-ba60-3012f9bb0bb3
vbdu_11.2.1,78fb7c58-38e7-4711-af65-ee0dc6d63d52
vbdu_11.2.2,9f55f289-422f-4caf-af1f-5cccc43979ac
vbdu_11.2.3,abc661f8-1a8a-4229-9e98-eafbf927b729
vbdu_11.2.4,9523c5d5-c613-452d-91ba-542fa9f8a9e2
vbdu_11.2.5,4b1d0fa1-01c1-4c46-9dfe-d7693e8d024b
vbdu_11.2.6,cbf35aef-8beb-45e0-b894-2af2b69df3f4
vbdu_11.2.7,760b4765-ffc1-4cc7-af66-647f17f29e32
vbdu_11.3.1,0cf14b3f-1318-48e4-93ad-993b98402f21
vbdu_11.3.2,31394c32-e7c8-48c3-a485-becaecb9a984
vbdu_11.3.3,e0f82f2a-0026-4a9b-bd38-7de170c47b27
vbdu_11.3.4,c586c836-956f-4ca3-b936-129ed6af5698
vbdu_11.3.5,97004f2d-9076-4f7c-a75e-9acd835263c1
vbdu_11.3.6,daac28ca-b25d-4239-91e7-342e1717f18d
vbdu_11.3.7,40cb1d4c-57f0-49cb-ad22-951f5807b816
vbdu_11.3.8,214cb404-da5b-4724-9d0d-47fd4be95655
vbdu_11.4.1,affc8a68-f6b8-4c45-8571-0a767a9703ea
vbdu_11.4.2,3fb49eb5-c608-415d-8c67-00b7eec19ee5
vbdu_11.4.3,bd2561ab-b627-469b-bb6d-c9228d0b02da
vbdu_11.4.4,5376dbbd-6d29-47b6-9b00-95fcb314e1c5
vbdu_11.4.5,caf87b2b-b4ff-4f7b-8772-7705ecb1d4ac
vbdu_11.4.6,e77046d5-4983-4006-ac73-1e85eaf24d40
vbdu_11.5.1,c8462045-8537-431a-944f-afbfbc03db14
vbdu_11.5.2,0b7e1c06-0b8d-4293-8b3e-ddf37aef975c
vbdu_11.5.3,06db0c12-4347-4013-8fb1-ec086a8973c5
vbdu_11.5.4,ed6a58ef-7661-476b-a6e0-61f935dfb26c
vbdu_11.5.5,b5e40238-bb58-4057-abcd-030d2e32ebaa
vbdu_12.1.1,6ff85469-6bbf-4c57-9a72-939348eb36b6
vbdu_12.1.2,ba42dbf9-03bd-4c16-974b-0c5c8ac2fa56
vbdu_12.1.3,4058553b-0488-4741-b752-fdc9613efe6f
vbdu_12.1.4,510db385-14e2-484d-99db-8ce568af55a9
vbdu_12.1.5,cccabdbe-979c-4072-8c0c-1541c3973e44
vbdu_12.2.1,a2a9f353-9474-4a45-ab52-034e9d82fd1e
vbdu_12.2.2,741973d4-795c-4669-b21d-f6135c160bf5
vbdu_12.2.3,ff644b6d-e4ce-4a87-993d-dc3962864081
vbdu_12.2.4,9dd11671-973a-4b2b-88c7-1bdf41b34ea1
vbdu_12.2.5,61113a6d-9c03-406f-b455-a50871a6fa74
vbdu_12.2.6,a3b92db6-50ab-4747-ae93-9bb947cbc44e
vbdu_12.2.7,6d9830c8-2866-4917-b77e-0c58636ca164
vbdu_12.3.1,46c1bfdc-8bef-45a6-aa1b-a147fcf13b44
vbdu_12.3.2,84a4331d-bd55-4178-898e-e7d39a4a15f7
vbdu_12.3.3,f6e70123-097b-4cff-a10f-c5f32b838dba
vbdu_12.3.4,be63927a-c558-4c9c-b1c5-963f615b61e6
vbdu_12.3.5,01830a2a-adc0-420c-9e07-4c4477e32c53
vbdu_12.4.2,0c2b158b-8585-47dc-8e8f-14d903421214
vbdu_12.4.3,14ab427f-d53b-4295-9611-183d8a8fd065
vbdu_12.4.4,76b095bd-e263-40f2-8e56-2a5d0b653f08
vbdu_12.4.5,34f5dcaf-f13f-40b5-b189-a5b7c5ed854f
vbdu_6.1.1,782f949c-cc5c-47fe-a405-dc4e0bfb4f8d
vbdu_6.2.1,6ef4f1f0-876a-4343-a1ca-c17b9fbf2f2c
vbdu_6.2.2,dcd1969d-d4e5-4401-95ab-47eac2a2190b
vbdu_6.2.3,28f6aab7-c70c-4779-8fab-aa3ee983d810
vbdu_6.2.4,25ef9808-262f-43df-b493-0c61830161f8
vbdu_6.3.2,55b8eba9-fdc9-4fb0-b5f7-13bf9b3ea861
vbdu_6.3.3,2eb640fe-84fe-4ad4-88fd-fb70341e4613
vbdu_6.5.1,1c767598-b651-490f-a563-9e6d82efafe5
vbdu_6.5.2,a9c6c577-c230-4a7a-b011-4479be002ac2
vbdu_6.5.3,f240e875-766a-474f-b9fe-9bdb74c2d23d
vbdu_6.5.4,55224970-d895-43ed-8549-7283df2f2cfb
vbdu_9.1.1,75fff7e6-cf8d-489a-b795-e6388cf422a7
vbdu_9.1.2,8116f40c-08b5-4aa0-a3cf-c7882236884a
vbdu_9.1.3,c329552a-61f2-4a5b-b452-33708e7b2acd
vbdu_9.2.1,c0fad4dd-2f02-4718-a150-567135a50ff2
vbdu_9.2.2,94c9c605-2ddf-45c5-ae32-cba6bcd82536
vbdu_9.3.2,418e32fa-46f1-4a89-b6e2-3783633327a7
vbdu_9.3.4,2ab72d59-13f5-44b9-bb4c-8a56ec3e2b9c
vbdu_9.4.1,0698352f-1763-4979-8b97-3c242650ca2b
vbdu_9.4.2,10bc0e63-ff07-481b-85be-29e7e6603a9f
vbdu_9.4.3,0fede678-8d15-4940-a541-06829a22ce2b